0,1,2,3,4,5,6,7,8,9,10,11,12,13,14,15,16,17,18,19,20,21,22,23,24,25,26,27,28,29,30,31,32,33,34,35,36,37,38,39,40,41,42,43,44,45,46,47,48,49,50
2021-01-19,삼성전자,SK하이닉스,LG화학,삼성전자우,현대차,삼성바이오로직스,NAVER,삼성SDI,셀트리온,카카오,기아차,현대모비스,삼성물산,SK이노베이션,LG생활건강,LG전자,POSCO,SK,엔씨소프트,SK텔레콤,KB금융,LG,신한지주,한국전력,삼성생명,삼성에스디에스,삼성전기,아모레퍼시픽,SK바이오팜,하나금융지주,KT&G,넷마블,롯데케미칼,한온시스템,한화솔루션,삼성화재,S-Oil,고려아연,한국조선해양,포스코케미칼,LG디스플레이,우리금융지주,현대글로비스,CJ제일제당,미래에셋대우,기업은행,KT,빅히트,현대제철,대한항공
2021-01-20,삼성전자,SK하이닉스,LG화학,삼성전자우,현대차,삼성바이오로직스,삼성SDI,NAVER,셀트리온,카카오,기아차,현대모비스,LG전자,삼성물산,SK이노베이션,LG생활건강,POSCO,SK,엔씨소프트,SK텔레콤,KB금융,LG,신한지주,한국전력,삼성전기,삼성생명,삼성에스디에스,아모레퍼시픽,SK바이오팜,하나금융지주,KT&G,넷마블,롯데케미칼,한온시스템,한화솔루션,삼성화재,S-Oil,포스코케미칼,고려아연,한국조선해양,LG디스플레이,현대글로비스,우리금융지주,CJ제일제당,미래에셋대우,기업은행,빅히트,KT,현대제철,대한항공
2021-01-21,삼성전자,SK하이닉스,LG화학,삼성전자우,현대차,NAVER,삼성바이오로직스,삼성SDI,셀트리온,카카오,기아차,현대모비스,LG전자,삼성물산,SK이노베이션,LG생활건강,SK,POSCO,엔씨소프트,SK텔레콤,LG,KB금융,신한지주,삼성에스디에스,한국전력,삼성생명,삼성전기,아모레퍼시픽,SK바이오팜,하나금융지주,KT&G,넷마블,롯데케미칼,한온시스템,한화솔루션,삼성화재,LG디스플레이,S-Oil,현대글로비스,고려아연,포스코케미칼,한국조선해양,우리금융지주,CJ제일제당,미래에셋대우,기업은행,KT,빅히트,현대제철,대한항공
2021-01-22,삼성전자,SK하이닉스,LG화학,삼성전자우,NAVER,현대차,삼성SDI,삼성바이오로직스,셀트리온,카카오,기아차,현대모비스,LG전자,삼성물산,SK이노베이션,LG생활건강,SK,POSCO,엔씨소프트,SK텔레콤,LG,KB금융,신한지주,삼성전기,삼성에스디에스,한국전력,삼성생명,아모레퍼시픽,SK바이오팜,KT&G,하나금융지주,넷마블,롯데케미칼,한온시스템,한화솔루션,삼성화재,포스코케미칼,LG디스플레이,S-Oil,고려아연,현대글로비스,한국조선해양,우리금융지주,빅히트,CJ제일제당,미래에셋대우,기업은행,KT,대한항공,현대제철
2021-01-25,삼성전자,SK하이닉스,LG화학,삼성전자우,NAVER,현대차,삼성SDI,삼성바이오로직스,셀트리온,카카오,기아차,현대모비스,LG전자,삼성물산,SK이노베이션,LG생활건강,SK,POSCO,엔씨소프트,SK텔레콤,LG,KB금융,신한지주,삼성에스디에스,삼성전기,삼성생명,한국전력,아모레퍼시픽,SK바이오팜,KT&G,넷마블,하나금융지주,롯데케미칼,한온시스템,한화솔루션,포스코케미칼,현대글로비스,삼성화재,LG디스플레이,S-Oil,고려아연,한국조선해양,빅히트,CJ제일제당,우리금융지주,KT,미래에셋대우,기업은행,현대제철,금호석유
2021-01-26,삼성전자,SK하이닉스,LG화학,삼성전자우,NAVER,삼성SDI,현대차,삼성바이오로직스,셀트리온,카카오,기아차,현대모비스,LG전자,SK이노베이션,삼성물산,LG생활건강,SK,POSCO,엔씨소프트,SK텔레콤,LG,KB금융,신한지주,삼성전기,삼성에스디에스,한국전력,삼성생명,아모레퍼시픽,SK바이오팜,KT&G,넷마블,하나금융지주,롯데케미칼,한온시스템,한화솔루션,LG디스플레이,포스코케미칼,삼성화재,현대글로비스,S-Oil,고려아연,한국조선해양,빅히트,CJ제일제당,우리금융지주,금호석유,KT,미래에셋대우,기업은행,KODEX 200
2021-01-27,삼성전자,SK하이닉스,LG화학,삼성전자우,삼성바이오로직스,NAVER,삼성SDI,현대차,셀트리온,카카오,기아차,현대모비스,LG전자,삼성물산,SK이노베이션,LG생활건강,SK,POSCO,엔씨소프트,SK텔레콤,LG,KB금융,신한지주,삼성에스디에스,삼성전기,한국전력,삼성생명,아모레퍼시픽,SK바이오팜,넷마블,KT&G,하나금융지주,롯데케미칼,한온시스템,한화솔루션,포스코케미칼,삼성화재,LG디스플레이,S-Oil,현대글로비스,고려아연,빅히트,한국조선해양,CJ제일제당,금호석유,우리금융지주,미래에셋대우,KT,기업은행,KODEX 200
2021-01-28,삼성전자,SK하이닉스,LG화학,삼성전자우,NAVER,삼성바이오로직스,삼성SDI,현대차,셀트리온,카카오,기아차,현대모비스,LG전자,SK이노베이션,삼성물산,LG생활건강,SK,POSCO,엔씨소프트,SK텔레콤,LG,KB금융,신한지주,삼성에스디에스,삼성전기,한국전력,삼성생명,아모레퍼시픽,넷마블,SK바이오팜,KT&G,하나금융지주,한온시스템,롯데케미칼,포스코케미칼,금호석유,삼성화재,한화솔루션,LG디스플레이,S-Oil,빅히트,고려아연,현대글로비스,한국조선해양,CJ제일제당,우리금융지주,미래에셋대우,KT,KODEX 200,기업은행
2021-01-29,삼성전자,SK하이닉스,LG화학,삼성전자우,NAVER,삼성바이오로직스,삼성SDI,현대차,셀트리온,카카오,기아차,현대모비스,SK이노베이션,LG전자,LG생활건강,삼성물산,SK,POSCO,엔씨소프트,SK텔레콤,LG,KB금융,신한지주,삼성전기,삼성에스디에스,한국전력,삼성생명,아모레퍼시픽,SK바이오팜,넷마블,KT&G,하나금융지주,롯데케미칼,한온시스템,포스코케미칼,한화솔루션,삼성화재,LG디스플레이,S-Oil,고려아연,금호석유,빅히트,현대글로비스,한국조선해양,CJ제일제당,우리금융지주,KT,미래에셋대우,KODEX 200,기업은행
2021-02-01,삼성전자,SK하이닉스,LG화학,삼성전자우,NAVER,삼성바이오로직스,삼성SDI,현대차,셀트리온,카카오,기아차,현대모비스,SK이노베이션,LG전자,LG생활건강,삼성물산,SK,POSCO,엔씨소프트,SK텔레콤,LG,KB금융,신한지주,삼성전기,삼성에스디에스,한국전력,삼성생명,아모레퍼시픽,넷마블,SK바이오팜,KT&G,하나금융지주,한온시스템,롯데케미칼,한화솔루션,포스코케미칼,고려아연,LG디스플레이,삼성화재,S-Oil,빅히트,금호석유,현대글로비스,한국조선해양,CJ제일제당,우리금융지주,미래에셋대우,KT,기업은행,KODEX 200
2021-02-02,삼성전자,SK하이닉스,LG화학,삼성전자우,NAVER,삼성바이오로직스,삼성SDI,현대차,셀트리온,카카오,기아차,현대모비스,SK이노베이션,LG전자,LG생활건강,삼성물산,POSCO,SK,엔씨소프트,SK텔레콤,LG,KB금융,신한지주,삼성전기,한국전력,삼성에스디에스,삼성생명,아모레퍼시픽,넷마블,SK바이오팜,KT&G,하나금융지주,한온시스템,롯데케미칼,한화솔루션,빅히트,포스코케미칼,LG디스플레이,S-Oil,삼성화재,고려아연,금호석유,현대글로비스,한국조선해양,CJ제일제당,우리금융지주,KODEX 200,미래에셋대우,KT,기업은행
2021-02-03,삼성전자,SK하이닉스,LG화학,삼성전자우,NAVER,삼성바이오로직스,현대차,삼성SDI,셀트리온,카카오,기아차,현대모비스,SK이노베이션,LG전자,삼성물산,LG생활건강,SK,POSCO,엔씨소프트,SK텔레콤,LG,KB금융,신한지주,삼성전기,삼성에스디에스,한국전력,삼성생명,아모레퍼시픽,넷마블,SK바이오팜,KT&G,포스코케미칼,하나금융지주,한온시스템,롯데케미칼,한화솔루션,빅히트,LG디스플레이,S-Oil,삼성화재,현대글로비스,고려아연,금호석유,한국조선해양,CJ제일제당,우리금융지주,미래에셋대우,KT,KODEX 200,기업은행
2021-02-04,삼성전자,SK하이닉스,LG화학,삼성전자우,NAVER,삼성바이오로직스,현대차,삼성SDI,셀트리온,카카오,기아차,현대모비스,SK이노베이션,LG전자,LG생활건강,삼성물산,POSCO,SK,엔씨소프트,SK텔레콤,LG,KB금융,신한지주,삼성전기,한국전력,삼성에스디에스,삼성생명,아모레퍼시픽,넷마블,SK바이오팜,KT&G,포스코케미칼,하나금융지주,한온시스템,롯데케미칼,빅히트,현대글로비스,LG디스플레이,S-Oil,한화솔루션,삼성화재,고려아연,금호석유,한국조선해양,CJ제일제당,우리금융지주,KT,미래에셋대우,기업은행,KODEX 200
2021-02-05,삼성전자,SK하이닉스,LG화학,삼성전자우,NAVER,삼성바이오로직스,현대차,삼성SDI,셀트리온,기아차,카카오,현대모비스,SK이노베이션,LG전자,LG생활건강,삼성물산,POSCO,SK,엔씨소프트,SK텔레콤,KB금융,LG,신한지주,삼성전기,한국전력,삼성에스디에스,삼성생명,아모레퍼시픽,넷마블,SK바이오팜,KT&G,하나금융지주,포스코케미칼,한온시스템,롯데케미칼,한화솔루션,빅히트,금호석유,S-Oil,LG디스플레이,현대글로비스,삼성화재,고려아연,한국조선해양,우리금융지주,CJ제일제당,미래에셋대우,KT,기업은행,KODEX 200
